{
  "test/flpSandbox.html": 1608245718806,
  "i18n/i18n_pt.properties": 1608247871561,
  "manifest.json": 1608248719447,
  "test/changes_preview.js": 1608245718806,
  "test/changes_loader.js": 1608245718806,
  "localService/mockserver.js": 1608245718806,
  "Component.js": 1608245718806,
  "changes/changes-bundle.json": 1608252210651,
  "manifest-bundle.zip": 1608252210662,
  "Component-preload.js": 1608252210809,
  "Component-dbg.js": 1608245718806,
  "test/changes_loader-dbg.js": 1608245718806,
  "localService/mockserver-dbg.js": 1608245718806,
  "test/changes_preview-dbg.js": 1608245718806,
  "test/flpSandboxMockServer.html": 1608245718806,
  "i18n/i18n.properties": 1608248020710,
  "localService/metadata.xml": 1608248020710,
  "changes/id_1608248712687_21_propertyChange.change": 1608248712683,
  "changes/id_1608248444420_13_propertyChange.change": 1608248444416,
  "changes/id_1608248296040_11_propertyChange.change": 1608248296038,
  "annotations/annotation.xml": 1608252101210,
  "index.html": 1608245718806
}