<edmx:Edmx xmlns:edmx="http://docs.oasis-open.org/odata/ns/edmx" Version="4">
    <edmx:Reference Uri="/sap/opu/odata/IWFND/CATALOGSERVICE;v=2/Vocabularies(TechnicalName='%2FIWBEP%2FVOC_UI',Version='0001',SAP__Origin='LOCAL')/$value">
        <edmx:Include Namespace="com.sap.vocabularies.UI.v1" Alias="UI"/>
    </edmx:Reference>
    <edmx:Reference Uri="/sap/opu/odata/sap/ZBP_00_SRV/$metadata">
        <edmx:Include Namespace="ZBP_00_SRV"/>
    </edmx:Reference>
    <edmx:DataServices>
        <Schema xmlns="http://docs.oasis-open.org/odata/ns/edm" Namespace="roffbr">
            <Annotations Target="ZBP_00_SRV.BusinessPartner">
                <Annotation Term="UI.LineItem">
                    <Collection>
                        <Record Type="UI.DataField">
                            <PropertyValue Property="Value" Path="PartnerId"/>
                            <Annotation Term="UI.Importance" EnumMember="UI.ImportanceType/High"/>
                        </Record>
                        <Record Type="UI.DataField">
                            <PropertyValue Property="Value" Path="PartnerName1"/>
                        </Record>
                        <Record Type="UI.DataField">
                            <PropertyValue Property="Value" Path="PartnerName2"/>
                        </Record>
                        <Record Type="UI.DataField">
                            <PropertyValue Property="Value" Path="Region"/>
                        </Record>
                        <Record Type="UI.DataField">
                            <PropertyValue Property="Value" Path="CountryDetail/LandName"/>
                            <PropertyValue Property="Label" String="País"/>
                        </Record>
                    </Collection>
                </Annotation>
                <Annotation Term="UI.SelectionFields">
                    <Collection>
                        <PropertyPath>PartnerId</PropertyPath>
                        <PropertyPath>PartnerName1</PropertyPath>
                        <PropertyPath>PartnerName2</PropertyPath>
                        <PropertyPath>Country</PropertyPath>
                    </Collection>
                </Annotation>
                <Annotation Term="UI.HeaderInfo">
                    <Record Type="UI.HeaderInfoType">
                        <PropertyValue Property="TypeName" String="Parceiro de negócios"/>
                        <PropertyValue Property="TypeNamePlural" String="Parceiros de negócios"/>
                        <PropertyValue Property="Title">
                            <Record Type="UI.DataField">
                                <PropertyValue Property="Value" Path="PartnerName1"/>
                            </Record>
                        </PropertyValue>
                        <PropertyValue Property="Description">
                            <Record Type="UI.DataField">
                                <PropertyValue Property="Value" Path="PartnerId"/>
                            </Record>
                        </PropertyValue>
                    </Record>
                </Annotation>
                <Annotation Term="UI.Facets">
                    <Collection>
                        <Record Type="UI.CollectionFacet">
                            <PropertyValue Property="Facets">
                                <Collection>
                                    <Record Type="UI.ReferenceFacet">
                                        <PropertyValue Property="Target" AnnotationPath="@UI.FieldGroup#generalfields"/>
                                        <PropertyValue Property="Label" String="Dados básicos"/>
                                    </Record>
                                    <Record Type="UI.ReferenceFacet">
                                        <PropertyValue Property="Target" AnnotationPath="@UI.FieldGroup#searchfields"/>
                                        <PropertyValue Property="Label" String="Dados para busca"/>
                                    </Record>
                                </Collection>
                            </PropertyValue>
                            <PropertyValue Property="Label" String="Dados gerais"/>
                        </Record>
                        <Record Type="UI.ReferenceFacet">
                            <PropertyValue Property="Target" AnnotationPath="@UI.FieldGroup#addressfields"/>
                            <PropertyValue Property="Label" String="Dados de endereço"/>
                        </Record>
                    </Collection>
                </Annotation>
                <Annotation Term="UI.FieldGroup" Qualifier="generalfields">
                    <Record Type="UI.FieldGroupType">
                        <PropertyValue Property="Data">
                            <Collection>
                                <Record Type="UI.DataField">
                                    <PropertyValue Property="Value" Path="PartnerId"/>
                                </Record>
                                <Record Type="UI.DataField">
                                    <PropertyValue Property="Value" Path="PartnerName1"/>
                                </Record>
                                <Record Type="UI.DataField">
                                    <PropertyValue Property="Value" Path="PartnerName2"/>
                                </Record>
                                <Record Type="UI.DataField">
                                    <PropertyValue Property="Value" Path="PartnerType"/>
                                </Record>
                            </Collection>
                        </PropertyValue>
                    </Record>
                </Annotation>
                <Annotation Term="UI.FieldGroup" Qualifier="searchfields">
                    <Record Type="UI.FieldGroupType">
                        <PropertyValue Property="Data">
                            <Collection>
                                <Record Type="UI.DataField">
                                    <PropertyValue Property="Value" Path="SearchTerm1"/>
                                </Record>
                                <Record Type="UI.DataField">
                                    <PropertyValue Property="Value" Path="SearchTerm2"/>
                                </Record>
                            </Collection>
                        </PropertyValue>
                    </Record>
                </Annotation>
                <Annotation Term="UI.FieldGroup" Qualifier="addressfields">
                    <Record Type="UI.FieldGroupType">
                        <PropertyValue Property="Data">
                            <Collection>
                                <Record Type="UI.DataField">
                                    <PropertyValue Property="Value" Path="Street"/>
                                </Record>
                                <Record Type="UI.DataField">
                                    <PropertyValue Property="Value" Path="HouseNumber"/>
                                </Record>
                                <Record Type="UI.DataField">
                                    <PropertyValue Property="Value" Path="District"/>
                                </Record>
                                <Record Type="UI.DataField">
                                    <PropertyValue Property="Value" Path="City"/>
                                </Record>
                                <Record Type="UI.DataField">
                                    <PropertyValue Property="Value" Path="Region"/>
                                </Record>
                                <Record Type="UI.DataField">
                                    <PropertyValue Property="Value" Path="Country"/>
                                </Record>
                                <Record Type="UI.DataField">
                                    <PropertyValue Property="Value" Path="ZipCode"/>
                                </Record>
                            </Collection>
                        </PropertyValue>
                    </Record>
                </Annotation>
            </Annotations>
        </Schema>
    </edmx:DataServices>
</edmx:Edmx>
